{"count":1,"gauges":{"Basic.CumulativeReward":{"count":1346,"max":0.93,"min":0.85,"value":0.93,"weightedAverage":0.929499269}},"self":186.9346048,"total":193.9038779,"children":{"AgentSendState":{"count":9556,"self":0.4849551,"total":0.5839664,"children":{"CollectObservations":{"count":9556,"self":0.0990113,"total":0.0990113,"children":null}}},"DecideAction":{"count":9556,"self":6.2573767999999994,"total":6.2573767,"children":null},"AgentAct":{"count":9556,"self":0.12693569999999998,"total":0.12693569999999998,"children":null}}}