{"count":1,"gauges":{"Bouncer.CumulativeReward":{"count":54,"max":20.6670074,"min":12.7139273,"value":20.6670074,"weightedAverage":17.7208023}},"self":88.8825152,"total":90.9553822,"children":{"AgentSendState":{"count":4526,"self":0.14755179999999998,"total":0.15856399999999998,"children":{"CollectObservations":{"count":1295,"self":0.0110122,"total":0.0110122,"children":null}}},"DecideAction":{"count":4526,"self":1.8702864,"total":1.8702862999999998,"children":null},"AgentAct":{"count":4526,"self":0.0420195,"total":0.0420195,"children":null}}}