{"count":1,"gauges":{},"self":28.75432,"total":30.5538629,"children":{"AgentSendState":{"count":1500,"self":0.1508323,"total":0.1998472,"children":{"CollectObservations":{"count":6000,"self":0.0490149,"total":0.0490149,"children":null}}},"DecideAction":{"count":1500,"self":1.0380965,"total":1.3729795999999999,"children":{"RayPerceptionSensor.Perceive":{"count":6000,"self":0.3348831,"total":0.3348831,"children":null}}},"AgentAct":{"count":1500,"self":0.2247169,"total":0.2247169,"children":null}}}