{"count":1,"gauges":{"PlayerAgent.CumulativeReward":{"count":2,"max":0,"min":0,"value":0,"weightedAverage":0}},"self":29.799519999999998,"total":30.0325098,"children":{"AgentSendState":{"count":1473,"self":0.036982299999999996,"total":0.1584717,"children":{"CollectObservations":{"count":590,"self":0.1214894,"total":0.1214894,"children":null}}},"DecideAction":{"count":1473,"self":0.0077191,"total":0.0077191,"children":null},"AgentAct":{"count":1473,"self":0.065797899999999993,"total":0.065797899999999993,"children":null}}}