{"count":1,"gauges":{"GridWorld.CumulativeReward":{"count":372,"max":1,"min":-1,"value":0.99,"weightedAverage":0.984062552}},"self":8.7133336,"total":26.346706299999997,"children":{"AgentSendState":{"count":1290,"self":0.041003899999999996,"total":0.052000199999999996,"children":{"CollectObservations":{"count":1287,"self":0.010996299999999999,"total":0.010996299999999999,"children":null}}},"DecideAction":{"count":1290,"self":13.168348799999999,"total":17.4564183,"children":{"CameraSensor.WriteToTensor":{"count":1144,"self":4.0741368,"total":4.0741366999999995,"children":null},"RenderTexSensor.GetCompressedObservation":{"count":143,"self":0.2139324,"total":0.2139324,"children":null}}},"AgentAct":{"count":1290,"self":0.12395429999999999,"total":0.12395429999999999,"children":null}}}