{"count":1,"gauges":{"PushBlock.CumulativeReward":{"count":741,"max":4.9954,"min":4.9156,"value":4.9842,"weightedAverage":4.97972059}},"self":34.6773056,"total":37.9187067,"children":{"AgentSendState":{"count":1870,"self":0.2458793,"total":0.3388478,"children":{"CollectObservations":{"count":11968,"self":0.0929685,"total":0.0929685,"children":null}}},"DecideAction":{"count":1870,"self":1.9060632,"total":2.7037277,"children":{"RayPerceptionSensor.Perceive":{"count":23936,"self":0.7976645,"total":0.7976645,"children":null}}},"AgentAct":{"count":1870,"self":0.19682739999999999,"total":0.19682739999999999,"children":null}}}