{"count":1,"gauges":{"Pyramids.CumulativeReward":{"count":32,"max":1.89739943,"min":1.4479996,"value":1.77779734,"weightedAverage":1.74890912}},"self":48.4283104,"total":57.9269566,"children":{"AgentSendState":{"count":2870,"self":0.2179417,"total":0.3039058,"children":{"CollectObservations":{"count":9184,"self":0.0859641,"total":0.0859641,"children":null}}},"DecideAction":{"count":2870,"self":1.6590496,"total":9.0087277,"children":{"RayPerceptionSensor.Perceive":{"count":27552,"self":7.3496783999999993,"total":7.3496780999999993,"children":null}}},"AgentAct":{"count":2870,"self":0.18501309999999999,"total":0.18501309999999999,"children":null}}}