{"count":1,"gauges":{"Walker.CumulativeReward":{"count":31,"max":499.089355,"min":-1,"value":239.50528,"weightedAverage":240.6566}},"self":25.9086672,"total":28.366450099999998,"children":{"AgentSendState":{"count":2076,"self":0.1490037,"total":0.4977832,"children":{"CollectObservations":{"count":4576,"self":0.34877949999999996,"total":0.34877949999999996,"children":null}}},"DecideAction":{"count":2076,"self":1.6920537999999998,"total":1.6920537999999998,"children":null},"AgentAct":{"count":2076,"self":0.2659465,"total":0.2659465,"children":null}}}