{"count":1,"gauges":{"SmallWallJump.CumulativeReward":{"count":3514,"max":1,"min":-1.06650007,"value":0.9775,"weightedAverage":0.9655791},"BigWallJump.CumulativeReward":{"count":5506,"max":1,"min":-1.23949862,"value":0.9305,"weightedAverage":0.9128263}},"self":736.2307584,"total":849.7661515,"children":{"AgentSendState":{"count":40486,"self":4.5513107999999995,"total":7.9336366999999992,"children":{"CollectObservations":{"count":194352,"self":3.382326,"total":3.382326,"children":null}}},"DecideAction":{"count":40486,"self":77.2253952,"total":88.08329169999999,"children":{"RayPerceptionSensor.Perceive":{"count":388704,"self":10.8578944,"total":10.8578947,"children":null}}},"AgentAct":{"count":40486,"self":17.516412799999998,"total":17.516412199999998,"children":null}}}