{"count":1,"gauges":{"3DBallHard.CumulativeReward":{"count":16,"max":73.99943,"min":2.299999,"value":2.69999862,"weightedAverage":26.10373}},"self":83.0771968,"total":85.603505599999991,"children":{"AgentSendState":{"count":4254,"self":0.35491449999999997,"total":0.5078562,"children":{"CollectObservations":{"count":10212,"self":0.15294169999999999,"total":0.15294169999999999,"children":null}}},"DecideAction":{"count":4254,"self":1.6584212999999999,"total":1.6584212999999999,"children":null},"AgentAct":{"count":4254,"self":0.3590295,"total":0.3590295,"children":null}}}