{"count":1,"gauges":{},"self":30.074991999999998,"total":30.944390499999997,"children":{"AgentSendState":{"count":1524,"self":0.0970067,"total":0.15103419999999998,"children":{"CollectObservations":{"count":3660,"self":0.0540275,"total":0.0540275,"children":null}}},"DecideAction":{"count":1524,"self":0.61131609999999992,"total":0.61131609999999992,"children":null},"AgentAct":{"count":1524,"self":0.10504909999999999,"total":0.10504909999999999,"children":null}}}