{"count":1,"gauges":{"FrameRateAgent.CumulativeReward":{"count":130,"max":0,"min":0,"value":0,"weightedAverage":0}},"self":65.45592959999999,"total":176.87511369999999,"children":{"AgentSendState":{"count":131917,"self":4.4666732,"total":9.3197861,"children":{"CollectObservations":{"count":263840,"self":0.8672711,"total":0.8672711,"children":null},"AgentInfo.ToProto":{"count":263840,"self":2.2307272,"total":3.9858417,"children":{"GenerateSensorData":{"count":263840,"self":1.7551143999999999,"total":1.7551145,"children":null}}}}},"DecideAction":{"count":131917,"self":101.63389439999999,"total":101.63389749999999,"children":null},"AgentAct":{"count":131917,"self":0.46350559999999996,"total":0.46450329999999995,"children":{"AgentInfo.ToProto":{"count":130,"self":0,"total":0.0009977,"children":{"GenerateSensorData":{"count":130,"self":0.0009977,"total":0.0009977,"children":null}}}}}}}