{"count":1,"gauges":{},"self":39.5086016,"total":39.5385746,"children":{"AgentSendState":{"count":1517,"self":0.017991399999999998,"total":0.017991399999999998,"children":null},"DecideAction":{"count":1517,"self":0.0059990999999999994,"total":0.0059990999999999994,"children":null},"AgentAct":{"count":1517,"self":0.0049825,"total":0.0049825,"children":null}}}