{"count":1,"gauges":{"PushBlock.CumulativeReward":{"count":1132,"max":4.996,"min":4.83579826,"value":4.9402,"weightedAverage":4.97059059}},"self":54.605804799999994,"total":57.4554304,"children":{"AgentSendState":{"count":2863,"self":0.18647419999999998,"total":0.2676289,"children":{"CollectObservations":{"count":18336,"self":0.0811547,"total":0.0811547,"children":null}}},"DecideAction":{"count":2863,"self":1.6959065999999998,"total":2.4144007999999997,"children":{"RayPerceptionSensor.Perceive":{"count":36672,"self":0.7184942,"total":0.7184942,"children":null}}},"AgentAct":{"count":2863,"self":0.1665979,"total":0.1665979,"children":null}}}