{"count":1,"gauges":{"Pyramids.CumulativeReward":{"count":18,"max":1.89899945,"min":1.73999679,"value":1.82719827,"weightedAverage":1.80973852}},"self":27.006214399999998,"total":28.0500492,"children":{"AgentSendState":{"count":1392,"self":0.0565124,"total":0.0819541,"children":{"CollectObservations":{"count":4464,"self":0.025441699999999998,"total":0.025441699999999998,"children":null}}},"DecideAction":{"count":1392,"self":0.51274639999999994,"total":0.8943002,"children":{"RayPerceptionSensor.Perceive":{"count":13392,"self":0.3815538,"total":0.3815538,"children":null}}},"AgentAct":{"count":1392,"self":0.0665817,"total":0.0665817,"children":null}}}