{"count":1,"gauges":{},"self":35.9398208,"total":37.3286379,"children":{"AgentSendState":{"count":1840,"self":0.1950796,"total":0.3185997,"children":{"CollectObservations":{"count":9200,"self":0.1235201,"total":0.1235201,"children":null}}},"DecideAction":{"count":1840,"self":0.88324229999999992,"total":0.88324229999999992,"children":null},"AgentAct":{"count":1840,"self":0.1849759,"total":0.1849759,"children":null}}}