{"count":1,"gauges":{"Tennis.CumulativeReward":{"count":102,"max":1,"min":-1,"value":-1,"weightedAverage":-0.027571246}},"self":205.42469119999998,"total":213.4738653,"children":{"AgentSendState":{"count":10656,"self":0.1680892,"total":0.20198139999999998,"children":{"CollectObservations":{"count":4264,"self":0.0338922,"total":0.0338922,"children":null}}},"DecideAction":{"count":10656,"self":7.6496008,"total":7.6496005999999994,"children":null},"AgentAct":{"count":10656,"self":0.1975982,"total":0.1975982,"children":null}}}