{"count":1,"gauges":{},"self":13.8463824,"total":13.8822835,"children":{"AgentSendState":{"count":686,"self":0.0159544,"total":0.0209412,"children":{"CollectObservations":{"count":552,"self":0.0049867999999999996,"total":0.0049867999999999996,"children":null}}},"DecideAction":{"count":686,"self":0.0009973,"total":0.0009973,"children":null},"AgentAct":{"count":686,"self":0.012965299999999999,"total":0.012965299999999999,"children":null}}}