{"count":1,"gauges":{"Bouncer.CumulativeReward":{"count":92,"max":21.6291656,"min":13.5774136,"value":17.5462914,"weightedAverage":17.7371616}},"self":141.082048,"total":142.7557597,"children":{"AgentSendState":{"count":7126,"self":0.11598069999999999,"total":0.1409153,"children":{"CollectObservations":{"count":2013,"self":0.024934599999999998,"total":0.024934599999999998,"children":null}}},"DecideAction":{"count":7126,"self":1.4754536999999999,"total":1.4754536999999999,"children":null},"AgentAct":{"count":7126,"self":0.0563493,"total":0.0563493,"children":null}}}