{"count":1,"gauges":{"FleeAgent.CumulativeReward":{"count":480,"max":1,"min":-1,"value":-1,"weightedAverage":-0.336261868}},"self":1.6302022999999999,"total":21.796307,"children":{"AgentSendState":{"count":1267,"self":0.38522609999999996,"total":1.022723,"children":{"CollectObservations":{"count":22860,"self":0.1508082,"total":0.1508082,"children":null},"AgentInfo.ToProto":{"count":22860,"self":0.28245349999999997,"total":0.4866887,"children":{"GenerateSensorData":{"count":22860,"self":0.20423519999999998,"total":0.20423519999999998,"children":null}}}}},"DecideAction":{"count":1267,"self":18.8127088,"total":18.812708999999998,"children":null},"AgentAct":{"count":1267,"self":0.3177081,"total":0.3306727,"children":{"AgentInfo.ToProto":{"count":480,"self":0.0069809,"total":0.0129646,"children":{"GenerateSensorData":{"count":480,"self":0.0059837,"total":0.0059837,"children":null}}}}}}}