{"count":1,"gauges":{"FoodCollector.CumulativeReward":{"count":280,"max":4,"min":-4,"value":-1,"weightedAverage":0.115241185}},"self":75.5606976,"total":197.12421189999998,"children":{"AgentSendState":{"count":71484,"self":6.0354316,"total":25.9882906,"children":{"CollectObservations":{"count":285940,"self":1.6864244,"total":1.6864242999999999,"children":null},"AgentInfo.ToProto":{"count":285940,"self":3.4009479999999996,"total":18.2664348,"children":{"GenerateSensorData":{"count":285940,"self":5.3990216,"total":14.865486599999999,"children":{"RayPerceptionSensor.Perceive":{"count":285940,"self":9.4664647999999989,"total":9.466465,"children":null}}}}}}},"DecideAction":{"count":71484,"self":89.495296,"total":89.49529299999999,"children":null},"AgentAct":{"count":71484,"self":6.062716,"total":6.0799303,"children":{"AgentInfo.ToProto":{"count":280,"self":0.0039881,"total":0.0172142,"children":{"GenerateSensorData":{"count":280,"self":0.0092372,"total":0.0132261,"children":{"RayPerceptionSensor.Perceive":{"count":280,"self":0.0039889,"total":0.0039889,"children":null}}}}}}}}}