{"count":1,"gauges":{"RollerAgent.CumulativeReward":{"count":7460,"max":1,"min":-1,"value":1,"weightedAverage":0.139784724}},"self":2.347344,"total":51.3534845,"children":{"AgentSendState":{"count":1917,"self":0.36052619999999996,"total":0.9065407,"children":{"CollectObservations":{"count":24576,"self":0.1231562,"total":0.1231562,"children":null},"AgentInfo.ToProto":{"count":24576,"self":0.23736569999999999,"total":0.42285829999999996,"children":{"GenerateSensorData":{"count":24576,"self":0.18549259999999998,"total":0.18549259999999998,"children":null}}}}},"DecideAction":{"count":1917,"self":47.563065599999995,"total":47.5630641,"children":null},"AgentAct":{"count":1917,"self":0.4158754,"total":0.5365358,"children":{"AgentInfo.ToProto":{"count":7460,"self":0.070795299999999992,"total":0.1206604,"children":{"GenerateSensorData":{"count":7460,"self":0.049865099999999996,"total":0.049865099999999996,"children":null}}}}}}}