{"count":1,"gauges":{"Bomberman.CumulativeReward":{"count":867,"max":1,"min":-1,"value":0,"weightedAverage":0.01455378}},"self":43.9498144,"total":44.4972871,"children":{"AgentSendState":{"count":2216,"self":0.24081899999999998,"total":0.3948832,"children":{"CollectObservations":{"count":39004,"self":0.15406419999999998,"total":0.15406419999999998,"children":null}}},"DecideAction":{"count":2216,"self":0.0219396,"total":0.0219396,"children":null},"AgentAct":{"count":2216,"self":0.1306505,"total":0.1306505,"children":null}}}