{"count":1,"gauges":{"Soccer.CumulativeReward":{"count":172,"max":1,"min":-1.29433572,"value":0.7953325,"weightedAverage":-0.05035925}},"self":35.705513599999996,"total":38.3371208,"children":{"AgentSendState":{"count":1905,"self":0.1226178,"total":0.1866455,"children":{"CollectObservations":{"count":12192,"self":0.064027699999999993,"total":0.064027699999999993,"children":null}}},"DecideAction":{"count":1905,"self":1.491447,"total":2.3370257999999997,"children":{"RayPerceptionSensor.Perceive":{"count":24384,"self":0.8455788,"total":0.8455788,"children":null}}},"AgentAct":{"count":1905,"self":0.10793599999999999,"total":0.10793599999999999,"children":null}}}