{"count":1,"gauges":{"PlayerAgent.CumulativeReward":{"count":8,"max":0.960800052,"min":-1.05259991,"value":-0.0002,"weightedAverage":-0.142617732}},"self":64.0095104,"total":65.3098923,"children":{"AgentSendState":{"count":3258,"self":0.0586699,"total":0.2532138,"children":{"CollectObservations":{"count":816,"self":0.1945439,"total":0.1945439,"children":null}}},"DecideAction":{"count":3258,"self":0.9024639,"total":0.9024639,"children":null},"AgentAct":{"count":3258,"self":0.1437071,"total":0.1437071,"children":null}}}