{"count":1,"gauges":{"Walker.CumulativeReward":{"count":26,"max":611.682,"min":-1,"value":355.8287,"weightedAverage":280.609131}},"self":26.1831264,"total":27.633201399999997,"children":{"AgentSendState":{"count":2044,"self":0.0719948,"total":0.2836123,"children":{"CollectObservations":{"count":4499,"self":0.2116175,"total":0.2116175,"children":null}}},"DecideAction":{"count":2044,"self":1.0348271,"total":1.0348271,"children":null},"AgentAct":{"count":2044,"self":0.1306379,"total":0.1306379,"children":null}}}