{"count":1,"gauges":{"BigWallJump.CumulativeReward":{"count":490,"max":0.9189999,"min":-1.84051132,"value":0.868999958,"weightedAverage":-0.5449593},"SmallWallJump.CumulativeReward":{"count":295,"max":0.8849999,"min":-1.82001042,"value":-1.51449609,"weightedAverage":-1.004823}},"self":9.2265152,"total":68.830545399999991,"children":{"AgentSendState":{"count":10617,"self":1.0701691,"total":7.1827782,"children":{"CollectObservations":{"count":50952,"self":0.4598083,"total":0.4598083,"children":null},"AgentInfo.ToProto":{"count":50952,"self":0.6240703,"total":5.6528008,"children":{"GenerateSensorData":{"count":50952,"self":3.2555055999999998,"total":5.0287305,"children":{"RayPerceptionSensor.Perceive":{"count":101904,"self":1.7732248,"total":1.7732249,"children":null}}}}}}},"DecideAction":{"count":10617,"self":50.1555488,"total":50.1555482,"children":null},"AgentAct":{"count":10617,"self":2.1719437999999998,"total":2.2557312,"children":{"AgentInfo.ToProto":{"count":679,"self":0.011969899999999999,"total":0.0837874,"children":{"GenerateSensorData":{"count":679,"self":0.047884199999999995,"total":0.071817499999999992,"children":{"RayPerceptionSensor.Perceive":{"count":1358,"self":0.023933299999999998,"total":0.023933299999999998,"children":null}}}}}}},"AgentInfo.ToProto":{"count":106,"self":0.000997,"total":0.0099729,"children":{"GenerateSensorData":{"count":106,"self":0.0049867,"total":0.0089759,"children":{"RayPerceptionSensor.Perceive":{"count":212,"self":0.0039892,"total":0.0039892,"children":null}}}}}}}