{"cameraMode":{"drawMode":0,"name":"Shaded","section":"Shading Mode"},"sceneLighting":false,"audioPlay":false,"sceneViewState":{"showFog":true,"showMaterialUpdate":false,"showSkybox":false,"showFlares":true,"showImageEffects":true,"showParticleSystems":true},"in2DMode":false,"pivot":{"x":-0.016271591186523439,"y":-0.16494332253932954,"z":0.014627307653427124},"rotation":{"x":-0.13456200063228608,"y":0.798668384552002,"z":-0.19417817890644074,"w":-0.5534622669219971},"size":5.596094131469727,"orthographic":true}