{"cameraMode":{"drawMode":0,"name":"Shaded","section":"Shading Mode"},"sceneLighting":false,"audioPlay":false,"sceneViewState":{"showFog":true,"showMaterialUpdate":false,"showSkybox":false,"showFlares":true,"showImageEffects":true,"showParticleSystems":true},"in2DMode":false,"pivot":{"x":0.42219656705856326,"y":0.4569495916366577,"z":0.345703125},"rotation":{"x":0.12608157098293305,"y":0.8669053316116333,"z":-0.39496102929115298,"w":0.27673810720443728},"size":6.006289005279541,"orthographic":true}