{"cameraMode":{"drawMode":0,"name":"Shaded","section":"Shading Mode"},"sceneLighting":false,"audioPlay":false,"sceneViewState":{"showFog":true,"showMaterialUpdate":false,"showSkybox":false,"showFlares":true,"showImageEffects":true,"showParticleSystems":true},"in2DMode":false,"pivot":{"x":-0.9806132316589356,"y":0.5289989113807678,"z":-0.39126890897750857},"rotation":{"x":0.03485370799899101,"y":-0.7089443206787109,"z":0.035120971500873569,"w":0.7035284042358398},"size":7.045034885406494,"orthographic":false}